Silhouette Score,Calinski-Harabasz Index,Davies-Bouldin Index,SSE
0.41682705601264475,52.95793594015736,0.7629014829956146,174.66854030447826
