,tag_vector_norm,ingredient_vector_norm,category_vector_norm,glass_vector_norm
tag_vector_norm,1.0,0.06148752813633421,-0.27480966065038803,0.07020378657690911
ingredient_vector_norm,0.06148752813633421,1.0,-0.08555786326668141,0.20497727984021907
category_vector_norm,-0.27480966065038803,-0.08555786326668141,1.0,0.06256801752753954
glass_vector_norm,0.07020378657690911,0.20497727984021907,0.06256801752753954,1.0
